{"_timestamp":1.761535274279999e+09,"_step":1,"confusion_matrix":{"format":"png","width":1500,"height":1200,"_type":"image-file","sha256":"f70070e5dde815e4d4e9ba3fcabb382c96675ca8e9c3c3e03418cd88bd0b9780","size":101037,"path":"media/images/confusion_matrix_1_f70070e5dde815e4d4e9.png"},"precision":0.626521796046603,"recall":0.84752966176731,"_runtime":1178,"f1_score":0.7204576245672136,"accuracy":0.7313368055555556,"_wandb":{"runtime":1178}}