{"final_test_accuracy":0.44368970033863653,"_runtime":150,"final_test_f1":0.4256459519519767,"final_val_accuracy":0.7397595844934676,"_wandb":{"runtime":150},"final_val_precision":0.764048739293039,"final_val_f1":0.6196020114661397,"final_test_precision":0.2747118239971049,"final_val_recall":0.5210880547647649,"final_test_recall":0.9446772688175978}