{"_timestamp":1.7623524779592955e+09,"final_test_recall":0.8647036216898779,"final_test_accuracy":0.5602277809724618,"final_val_f1":0.6038244545409157,"final_val_precision":0.7678535148313693,"final_val_accuracy":0.7344519704433498,"_wandb":{"runtime":158},"_step":0,"final_val_recall":0.4975398640754332,"final_test_f1":0.46181814627662177,"final_test_precision":0.3150357040464586,"_runtime":158}