{"final_val_f1":0.6060643222859246,"final_val_precision":0.7996332452402783,"final_test_accuracy":0.3900000399335506,"final_val_recall":0.4879461567575573,"_runtime":256,"final_val_accuracy":0.742001766973656,"_wandb":{"runtime":256},"final_test_precision":0.2524971462087146,"final_test_f1":0.3958583198945596,"final_test_recall":0.9158583899127061}