{"final_val_f1":0.614209612978732,"final_val_recall":0.5008968388487551,"final_val_accuracy":0.7440699293210538,"final_test_f1":0.4151307088386752,"final_val_precision":0.793777870498344,"_runtime":2573,"final_test_recall":0.944928902146661,"final_test_accuracy":0.4190007826975912,"final_test_precision":0.26599430237589894,"_wandb":{"runtime":2573}}