{"_step":1,"recall":0.4178324774216398,"_runtime":1405,"f1_score":0.5167259786476869,"_timestamp":1.761541198491115e+09,"accuracy":0.6807364004629629,"precision":0.6769473533209008,"confusion_matrix":{"width":1500,"height":1200,"_type":"image-file","sha256":"d302bb5c97c8bc9ab8bf319fef14868852217b2092917477c3b89d8e0dd68b9d","size":89259,"path":"media/images/confusion_matrix_1_d302bb5c97c8bc9ab8bf.png","format":"png"},"_wandb":{"runtime":1405}}