{"final_val_recall":0.49000312659415163,"final_val_f1":0.6056174747803449,"_wandb":{"runtime":890},"final_test_precision":0.3224759998491958,"final_val_accuracy":0.7404288926965089,"final_val_precision":0.792637154949823,"final_test_recall":0.8609382720568051,"final_test_f1":0.46920497188664895,"final_test_accuracy":0.5749512810683024,"_runtime":890}