{"final_val_recall":0.5147361319093616,"final_test_accuracy":0.3255093524375439,"_wandb":{"runtime":277},"final_test_recall":0.9489504602602347,"final_val_accuracy":0.7343649603769544,"final_test_precision":0.23789583068098533,"final_test_f1":0.38042223283974097,"final_val_f1":0.6118457084735154,"_runtime":277,"final_val_precision":0.7541165409002145}