{"final_test_f1":0.38595225117605836,"final_val_f1":0.6066262626262626,"_wandb":{"runtime":314},"final_test_precision":0.2435190444350179,"final_test_accuracy":0.3544242380678551,"_runtime":314,"final_val_precision":0.7854359028013915,"final_test_recall":0.9297714254341819,"final_val_recall":0.494133522026033,"final_val_accuracy":0.739344613407582}