{"final_test_f1":0.39423908965626453,"final_val_accuracy":0.7425439066181195,"_wandb":{"runtime":274},"final_test_precision":0.24827081023195957,"final_test_recall":0.9567510934611936,"final_test_accuracy":0.3584315698677401,"final_val_precision":0.7852264879658286,"final_val_f1":0.6148238639777301,"_runtime":274,"final_val_recall":0.505191791867564}