{"final_val_f1":0.6005981127119158,"final_val_accuracy":0.7354090811736989,"_wandb":{"runtime":445},"final_test_precision":0.29297358703343357,"final_test_f1":0.4500125244651629,"final_val_recall":0.4891145156247429,"final_val_precision":0.7779057290167238,"final_test_accuracy":0.4826868091495751,"final_test_recall":0.9698909283897297,"_runtime":445}