{"precision":0.723181049069374,"accuracy":0.6392144097222222,"_step":1,"_runtime":1086,"recall":0.18921551266159023,"f1_score":0.299950873745526,"confusion_matrix":{"size":93908,"path":"media/images/confusion_matrix_1_3cf15ead777fdccce366.png","format":"png","width":1500,"height":1200,"_type":"image-file","sha256":"3cf15ead777fdccce366ae886137620974a459b88178eaed60d5e3448474624e"},"_wandb":{"runtime":1086},"_timestamp":1.761531863351935e+09}