{"_runtime":1090,"recall":0.31804497963520456,"_wandb":{"runtime":1090},"f1_score":0.4403579747456173,"_timestamp":1.7615329653388731e+09,"confusion_matrix":{"_type":"image-file","sha256":"3d81c15f4b4d209421c9210d5beb69c6743ee2528b5a7b904752fa453bc501bc","size":95568,"path":"media/images/confusion_matrix_1_3d81c15f4b4d209421c9.png","format":"png","width":1500,"height":1200},"accuracy":0.6697771990740741,"_step":1,"precision":0.7155378486055777}