{"final_val_precision":0.7868909730993523,"final_test_accuracy":0.5396160788448022,"final_val_recall":0.48184107028254536,"final_val_f1":0.5976934068177179,"_wandb":{"runtime":2537},"final_val_accuracy":0.736172092525166,"final_test_recall":0.9313727284373112,"final_test_f1":0.46890108649835194,"_runtime":2537,"final_test_precision":0.3133216975875836}