{"final_test_accuracy":0.39914582135326815,"final_val_recall":0.49181326005035464,"final_test_precision":0.2593362819633757,"final_val_precision":0.7857969185465636,"_runtime":322,"final_test_recall":0.9448145233607232,"_wandb":{"runtime":322},"final_val_f1":0.604981630112446,"final_val_accuracy":0.7387757014349968,"final_test_f1":0.4069667761712291}