{"final_test_accuracy":0.45570969906076286,"_runtime":616,"final_val_precision":0.8028800174877723,"final_val_accuracy":0.7416470336260441,"final_test_recall":0.9371648701572022,"final_val_recall":0.48351955766920635,"final_test_f1":0.42903760922929984,"final_val_f1":0.603557710083602,"final_test_precision":0.2781991036262393,"_wandb":{"runtime":616}}