{"final_val_accuracy":0.7390434247162133,"final_test_precision":0.26091798252337883,"final_val_f1":0.6003054937619814,"final_test_accuracy":0.3925557871701489,"final_val_precision":0.7961009299037468,"final_test_f1":0.4115220606085225,"_wandb":{"runtime":1716},"final_val_recall":0.48180815876515987,"final_test_recall":0.9733451677250518,"_runtime":1716}