{"final_val_precision":0.7545523059344079,"final_val_recall":0.5107373825470223,"final_test_precision":0.30750776264639007,"final_test_f1":0.46103268315257484,"final_val_accuracy":0.7334279288926965,"final_test_accuracy":0.5302696313334612,"_wandb":{"runtime":142},"final_test_recall":0.9206943249821569,"_runtime":142,"final_val_f1":0.6091538929559773}