{"final_val_f1":0.6099618861814781,"final_test_f1":0.4416385733180731,"final_test_accuracy":0.4993151396076928,"_wandb":{"runtime":147},"final_val_accuracy":0.7404088134504176,"final_val_precision":0.7842513576415826,"final_val_recall":0.49905379387516663,"final_test_precision":0.2918363683448495,"final_test_recall":0.9074309609648079,"_runtime":147}