{"final_val_precision":0.8257769600091999,"final_val_accuracy":0.7449534161490683,"final_test_accuracy":0.33377759408344515,"final_val_f1":0.6012014400535833,"final_test_f1":0.3824045770088966,"_wandb":{"runtime":427},"final_test_precision":0.23968657441943295,"_runtime":427,"final_val_recall":0.47265875693198833,"final_test_recall":0.9452262869900994}