{"final_val_precision":0.8189425209895262,"final_val_accuracy":0.7453148425787106,"final_test_recall":0.8502598686016507,"_runtime":3387,"_wandb":{"runtime":3387},"final_val_recall":0.47993220227418587,"final_val_f1":0.6051959909526675,"final_test_accuracy":0.5865889160437032,"final_test_precision":0.3276423495230187,"final_test_f1":0.47301233798049086}