{"final_test_f1":0.4161637417221805,"final_val_f1":0.6100207483297099,"_wandb":{"runtime":277},"final_val_precision":0.768830388869426,"final_test_recall":0.9663451860256574,"final_val_recall":0.5055867300761901,"final_test_accuracy":0.4083544981151364,"final_val_accuracy":0.7370756585992718,"final_test_precision":0.26518349257366697,"_runtime":277}