{"final_val_f1":0.6019009150626178,"final_test_recall":0.9202917116556558,"final_test_accuracy":0.39626461567950927,"final_val_accuracy":0.7440498500749625,"final_test_f1":0.3994876072449952,"_wandb":{"runtime":439},"_runtime":439,"final_val_recall":0.4757195280488407,"final_test_precision":0.25511498247233877,"final_val_precision":0.819183904788892}