{"final_val_accuracy":0.7389028699935747,"final_val_f1":0.6171361271959956,"final_test_precision":0.3158000935220001,"final_val_precision":0.7645728459910994,"final_test_accuracy":0.5521252635614338,"final_test_f1":0.4678443318339691,"final_val_recall":0.5173690533002024,"_wandb":{"runtime":476},"final_test_recall":0.9022290137803561,"_runtime":476}