{"final_val_accuracy":0.7409844185050332,"final_val_recall":0.48867021014003853,"final_test_precision":0.32343634646900615,"final_val_f1":0.6054785862107634,"final_test_f1":0.4682486441005583,"final_test_recall":0.8478624892483941,"final_test_accuracy":0.5797962190914319,"_wandb":{"runtime":856},"_runtime":856,"final_val_precision":0.795670114141793}