{"final_test_f1":0.4442035425188397,"_wandb":{"runtime":581},"final_val_f1":0.6126642866325814,"final_test_precision":0.2882932509414976,"final_val_accuracy":0.7378520561147998,"final_test_accuracy":0.4717729697782889,"final_test_recall":0.9673517193419102,"final_val_recall":0.5097335812667643,"_runtime":581,"final_val_precision":0.7676827757125155}