{"final_val_accuracy":0.7392910687513387,"final_test_precision":0.243738753017777,"final_val_f1":0.6047809411716959,"final_val_precision":0.7886686601921195,"final_val_recall":0.49043097632016325,"final_test_recall":0.9251962739966693,"final_test_f1":0.3858318570478679,"final_test_accuracy":0.3572744952399208,"_wandb":{"runtime":283},"_runtime":283}