{"final_val_f1":0.6126820217014239,"final_test_precision":0.27059623849539816,"_wandb":{"runtime":260},"final_val_precision":0.7911967704128142,"final_val_accuracy":0.7429321053758835,"final_test_recall":0.9281426715224274,"final_test_accuracy":0.4383945115328094,"final_val_recall":0.4998930375684971,"final_test_f1":0.41902688500751856,"_runtime":260}