{"final_test_recall":0.9799608367036949,"final_test_f1":0.43865690608357116,"_wandb":{"runtime":797},"final_val_precision":0.7172403446354323,"final_val_recall":0.5506919646530303,"_runtime":797,"final_val_f1":0.6230277304588232,"final_test_precision":0.28257184281453124,"final_test_accuracy":0.45271368442911,"final_val_accuracy":0.72895025701435}