{"final_test_precision":0.3118033162555448,"final_val_recall":0.477842320920206,"final_test_accuracy":0.5292663008753434,"final_val_accuracy":0.7356567252088242,"final_test_recall":0.9586726570649489,"final_test_f1":0.47055956972585744,"final_val_precision":0.7890332047171349,"_wandb":{"runtime":614},"_runtime":614,"final_val_f1":0.5952178413667996}