{"final_test_accuracy":0.39567659414733886,"final_test_f1":0.39483741970957986,"final_val_precision":0.7945961805185107,"final_val_accuracy":0.7411182801456415,"final_val_recall":0.4902335072158502,"final_test_precision":0.2526189614214094,"_wandb":{"runtime":155},"final_val_f1":0.606364681816794,"final_test_recall":0.9034688798199221,"_runtime":155}