{"precision":0.6401120896717374,"confusion_matrix":{"width":1500,"height":1200,"_type":"image-file","sha256":"e23cd36f9d7f667b22bc87005e18e5c3f77523476a51fc3eed3ca0d1f1105ccb","size":98771,"path":"media/images/confusion_matrix_1_e23cd36f9d7f667b22bc.png","format":"png"},"recall":0.707897998937489,"_wandb":{"runtime":1095},"accuracy":0.7180989583333334,"_step":1,"_runtime":1095,"_timestamp":1.761536383919543e+09,"f1_score":0.672300706357215}