{"_runtime":261,"final_test_precision":0.30053133285792766,"final_val_f1":0.6097342133072797,"final_test_recall":0.9235812455392274,"final_test_f1":0.4534960388821931,"_wandb":{"runtime":261},"final_val_accuracy":0.7379926108374384,"final_val_recall":0.5032171008244335,"final_test_accuracy":0.5142672592805572,"final_val_precision":0.7734527151781875}