{"final_val_accuracy":0.7365201327907475,"final_val_recall":0.5099639618884628,"final_test_recall":0.9393197664842706,"final_test_accuracy":0.34962123027282604,"final_val_precision":0.763733149321044,"final_test_f1":0.386617191376536,"_wandb":{"runtime":446},"final_test_precision":0.24339928417902876,"_runtime":446,"final_val_f1":0.6115682908057546}