{"_runtime":473,"final_val_f1":0.6151015790250381,"final_val_recall":0.5144234724941994,"final_val_accuracy":0.7381465517241379,"final_test_precision":0.2420219470777661,"final_test_recall":0.9311531211683106,"final_test_f1":0.38418731783929083,"final_test_accuracy":0.3486278832023513,"final_val_precision":0.7647763969077209,"_wandb":{"runtime":473}}