{"confusion_matrix":{"width":1500,"height":1200,"_type":"image-file","sha256":"5173af6eb91aeb6163fcd3757c886b896a3be06ad47d0870eb6872382c1be060","size":91439,"path":"media/images/confusion_matrix_1_5173af6eb91aeb6163fc.png","format":"png"},"f1_score":0.5587380655873807,"_timestamp":1.761553797235483e+09,"_step":1,"precision":0.6748558535973929,"_runtime":1132,"_wandb":{"runtime":1132},"accuracy":0.6924189814814815,"recall":0.4767132990968656}