{"final_val_precision":0.7683017742656926,"final_val_recall":0.5087791472625846,"final_test_precision":0.2681502452004146,"final_test_recall":0.951640649305492,"final_val_f1":0.6121709516785301,"final_val_accuracy":0.7377985114585565,"_wandb":{"runtime":383},"final_test_accuracy":0.42270062615807297,"final_test_f1":0.41840396514406636,"_runtime":383}