{"final_val_f1":0.6219205869249945,"final_val_accuracy":0.7330330370529021,"_wandb":{"runtime":238},"_runtime":238,"final_val_precision":0.7334227587748714,"final_val_recall":0.5398476196745051,"final_test_precision":0.30225539112306615,"final_test_accuracy":0.5208093732029903,"final_test_f1":0.45428995663770544,"final_test_recall":0.9140649305492011}