time,label
0.1668056713928273,Gesture
0.2085070892410342,Gesture
0.250208507089241,Gesture
0.2919099249374479,Gesture
0.3753127606338615,Gesture
0.4170141784820684,Gesture
0.4587155963302752,Gesture
0.5004170141784821,Gesture
0.5421184320266889,Gesture
0.5838198498748958,Gesture
0.6255212677231026,Gesture
0.6672226855713094,Gesture
0.7089241034195163,Gesture
