time,label
0.1668056713928273,Gesture
0.2085070892410342,Gesture
0.250208507089241,Gesture
0.2919099249374479,Gesture
0.3336113427856547,Gesture
0.3753127606338615,Gesture
