time,label
0.1668056713928273,Gesture
0.2085070892410342,Gesture
