time,label
0.1333333333333333,Gesture
0.1666666666666666,Gesture
0.2,Gesture
0.2333333333333333,Gesture
0.2666666666666666,Gesture
0.3,Gesture
0.3333333333333333,Gesture
0.3666666666666666,Gesture
0.4,Gesture
0.4333333333333333,Gesture
0.4666666666666667,Gesture
0.5,Gesture
0.5333333333333333,Gesture
0.5666666666666667,Gesture
0.6,Gesture
0.6333333333333333,Gesture
