time,label
0.1668056713928273,Gesture
0.2085070892410342,Gesture
0.250208507089241,Gesture
0.2919099249374479,Gesture
0.3336113427856547,Gesture
0.3753127606338615,Gesture
0.4170141784820684,Gesture
0.4587155963302752,Gesture
0.5004170141784821,Gesture
0.5421184320266889,Gesture
