time,label
0.1334668001334668,Gesture
0.1668335001668335,Gesture
0.2002002002002002,Gesture
0.2335669002335669,Gesture
0.2669336002669336,Gesture
