time,label
0.1334668001334668,Gesture
0.1668335001668335,Gesture
0.2002002002002002,Gesture
0.2335669002335669,Gesture
0.2669336002669336,Gesture
0.3003003003003003,Gesture
0.333667000333667,Gesture
0.3670337003670337,Gesture
0.4004004004004004,Gesture
0.4337671004337671,Gesture
0.4671338004671338,Gesture
0.5005005005005005,Gesture
0.5338672005338673,Gesture
0.5672339005672339,Gesture
0.6006006006006006,Gesture
0.6339673006339673,Gesture
0.6673340006673341,Gesture
0.7007007007007007,Gesture
