time,label
1.4347681014347682,Gesture
1.4681348014681348,Gesture
1.5015015015015016,Gesture
1.5348682015348682,Gesture
1.5682349015682349,Gesture
1.6016016016016017,Gesture
1.6349683016349683,Gesture
1.6683350016683351,Gesture
1.7017017017017018,Gesture
1.7350684017350684,Gesture
1.7684351017684352,Gesture
1.8018018018018016,Gesture
1.8351685018351689,Gesture
1.8685352018685353,Gesture
1.901901901901902,Gesture
1.9352686019352687,Gesture
1.9686353019686351,Gesture
