{"_step":0,"_wandb":{"runtime":979},"final_val_accuracy":0.7339633754551296,"final_test_precision":0.29943600449836694,"final_val_precision":0.7634804843197713,"final_test_f1":0.45730181288029714,"_timestamp":1.7623519798402514e+09,"_runtime":979,"final_val_f1":0.6051261672958475,"final_test_accuracy":0.4990515781739186,"final_val_recall":0.501176586746532,"final_test_recall":0.9672419157074099}