{"_runtime":1392,"_step":1,"f1_score":0.4934455320854084,"_wandb":{"runtime":1392},"accuracy":0.6799406828703703,"recall":0.38161855852665133,"confusion_matrix":{"height":1200,"_type":"image-file","sha256":"e37748d724ab8d23661032813ee08fffed3364396e15e9c704f472b83b4f90b6","size":97040,"path":"media/images/confusion_matrix_1_e37748d724ab8d236610.png","format":"png","width":1500},"precision":0.6979757085020243,"_timestamp":1.7615552026930199e+09}