{"final_val_recall":0.4943145353716533,"final_test_f1":0.42999275811128973,"final_test_precision":0.2806034621167805,"final_test_accuracy":0.4680202143632995,"_wandb":{"runtime":153},"final_val_precision":0.7831834180680485,"final_val_accuracy":0.7386619190404797,"final_test_recall":0.9195459619713412,"_runtime":153,"final_val_f1":0.6060893426415399}