{"f1_score":0.6783237358665042,"accuracy":0.7231987847222222,"_timestamp":1.7615295667284448e+09,"precision":0.6456749619908778,"confusion_matrix":{"height":1200,"_type":"image-file","sha256":"420227689d82277867d4dbe25a042c3fed050d8191c483f40090504eb08f91e2","size":99980,"path":"media/images/confusion_matrix_1_420227689d82277867d4.png","format":"png","width":1500},"_wandb":{"runtime":1193},"_runtime":1193,"_step":1,"recall":0.7144501505224012}