{"final_val_f1":0.6117465946957149,"final_test_recall":0.9126420584521348,"final_val_accuracy":0.7332940672520882,"_wandb":{"runtime":149},"final_test_precision":0.3038650720749952,"_runtime":149,"final_val_recall":0.516595632641643,"final_test_accuracy":0.5247058894000384,"final_test_f1":0.45592835078584887,"final_val_precision":0.749862653768064}