{"final_val_accuracy":0.7374303919468838,"final_test_accuracy":0.5632088205226503,"final_test_recall":0.900371502296726,"final_test_precision":0.3212796593843974,"final_test_f1":0.4735738951522662,"_runtime":283,"_wandb":{"runtime":283},"final_val_recall":0.5093221872994455,"final_val_precision":0.7668161434977578,"final_val_f1":0.6120911284262153}