{"final_val_precision":0.795299954653365,"final_val_f1":0.6068717051028923,"final_val_accuracy":0.7414596273291926,"final_test_recall":0.9090185385136248,"final_test_precision":0.24576681060768177,"_wandb":{"runtime":310},"_runtime":310,"final_val_recall":0.4906284454244763,"final_test_f1":0.38692314058841,"final_test_accuracy":0.3714129688198837}