{"_wandb":{"runtime":1181},"recall":0.7582787320701257,"accuracy":0.7282262731481481,"_runtime":1181,"_timestamp":1.761550835324537e+09,"confusion_matrix":{"format":"png","width":1500,"height":1200,"_type":"image-file","sha256":"b5035c12bc71708577adefaff8bec14c8bbe810b2c5637ca66d287259f9e31c9","size":100832,"path":"media/images/confusion_matrix_1_b5035c12bc71708577ad.png"},"_step":1,"precision":0.641594246329038,"f1_score":0.6950734518302086}