{"final_val_precision":0.7929106474050295,"_wandb":{"runtime":686},"final_test_f1":0.4225149963022816,"final_test_accuracy":0.47379061242093157,"final_val_recall":0.4877322318945515,"final_test_recall":0.882180700181176,"_runtime":686,"final_val_accuracy":0.7398332083958021,"final_val_f1":0.6039592863910992,"final_test_precision":0.2777773776098353}