{"final_val_f1":0.6183108307874249,"final_test_precision":0.28174767908367077,"final_test_accuracy":0.4784149175771516,"_runtime":268,"final_val_precision":0.7707427335937692,"final_val_recall":0.5162171501917096,"final_val_accuracy":0.7407769329620904,"final_test_f1":0.42885144538180753,"_wandb":{"runtime":268},"final_test_recall":0.8973885035594679}