{"_runtime":1713,"final_test_accuracy":0.5474180962877772,"final_val_f1":0.6006465741996038,"final_test_precision":0.30711122431373195,"final_test_f1":0.45190946383643427,"_wandb":{"runtime":1713},"final_val_accuracy":0.7436951167273506,"final_test_recall":0.855054627308164,"final_val_recall":0.47389293883394495,"final_val_precision":0.8199652629480937}