split,precision,recall,f1,accuracy
Validation,0.9599720610358908,0.994157578455375,0.9767657992565055,0.9551309121621622
Test,0.9812222148497114,0.9798568778160615,0.9805390710473096,0.9627159552845529
