split,precision,recall,f1,accuracy
Validation,0.9551524815626868,1.0,0.9770618819451524,0.9552149681528662
Test,0.9805756779280723,1.0,0.9901925877973782,0.9809481891348089
