split,precision,recall,f1,accuracy
Validation,0.9556331726467108,0.8937904967602592,0.9236778594645871,0.9160271365422397
Test,0.936750299880048,0.8976937998419426,0.9168062808017317,0.9214361603843311
