split,precision,recall,f1,accuracy
Validation,0.5670866935483871,0.44707736731260844,0.49998148381314944,0.6577909570154096
Test,0.29623719821755856,0.9258367951979211,0.44885546978972585,0.5038695610504121
