split,precision,recall,f1,accuracy
Validation,0.9701563240170535,0.9846153846153847,0.977332378907182,0.9642319277108434
Test,0.6675883256528418,0.9564260563380281,0.7863216935046137,0.7161057692307692
