{"final_test_accuracy":0.30665672321257426,"_runtime":204,"final_val_recall":0.5046322960720104,"final_val_precision":0.7686099553862349,"final_test_f1":0.3730556290278754,"final_val_accuracy":0.7367276183336903,"final_test_precision":0.23237893017925565,"_wandb":{"runtime":204},"final_val_f1":0.6092562607408585,"final_test_recall":0.9453452409274747}