{"_runtime":582,"final_val_f1":0.6111334385445563,"final_test_accuracy":0.3143978419909271,"final_test_f1":0.37917552222560724,"final_val_recall":0.512975365729237,"_wandb":{"runtime":582},"final_val_precision":0.7557457331264547,"final_test_recall":0.9594916091722636,"final_val_accuracy":0.7344787427714714,"final_test_precision":0.23627348590085476}