{"final_val_precision":0.7771010351655513,"final_test_precision":0.31453608640891567,"final_test_accuracy":0.539227725065491,"final_val_f1":0.615977589255558,"_wandb":{"runtime":1682},"_runtime":1682,"final_val_accuracy":0.7412588348682801,"final_test_recall":0.9426138755192797,"final_val_recall":0.5101943425101614,"final_test_f1":0.4716797333324176}