{"final_val_f1":0.604031115945896,"_wandb":{"runtime":690},"final_val_accuracy":0.7417541229385307,"final_test_f1":0.4329635790652768,"final_val_precision":0.8024704823712268,"final_test_accuracy":0.45822950610184654,"_runtime":690,"final_test_precision":0.2805568344934052,"final_test_recall":0.9478798748238567,"final_val_recall":0.48427652256907305}