{"final_test_precision":0.3188765254487885,"_wandb":{"runtime":300},"_runtime":300,"final_val_recall":0.4762625680857016,"final_val_precision":0.8228704651427272,"final_val_f1":0.603329129360753,"final_test_f1":0.46786817236748135,"final_val_accuracy":0.7452813771685586,"final_test_recall":0.8781957432791025,"final_test_accuracy":0.564097342022874}