{"_step":1,"_wandb":{"runtime":1128},"f1_score":0.30539384162165956,"_runtime":1128,"precision":0.7347283158960513,"accuracy":0.6418185763888888,"recall":0.1927572162210023,"_timestamp":1.76153977809102e+09,"confusion_matrix":{"size":94388,"path":"media/images/confusion_matrix_1_66f87133c53a448b6ddf.png","format":"png","width":1500,"height":1200,"_type":"image-file","sha256":"66f87133c53a448b6ddf2cab987c8e672e4abf95521542faa20eea967c7407e2"}}