{"final_val_precision":0.795219144506233,"final_test_recall":0.9330380835605658,"final_val_f1":0.6113339816840911,"final_test_precision":0.2590696480882536,"_runtime":453,"_wandb":{"runtime":453},"final_val_recall":0.4965196070364824,"final_test_f1":0.40553691842371625,"final_val_accuracy":0.7432132148211609,"final_test_accuracy":0.4031072295699955}