{"final_test_f1":0.4045398357145469,"_runtime":801,"final_test_recall":0.9365380744102629,"final_val_f1":0.6132144049981335,"final_test_accuracy":0.39838408887611015,"final_val_accuracy":0.7364665881345042,"final_test_precision":0.25798950654549074,"_wandb":{"runtime":801},"final_val_precision":0.7607302152136294,"final_val_recall":0.5136171403182543}