{"final_val_accuracy":0.7404088134504176,"final_test_recall":0.923988434017166,"final_test_f1":0.4270474523013552,"final_val_recall":0.5189981734107851,"final_test_accuracy":0.4589822535301259,"_wandb":{"runtime":419},"final_test_precision":0.2776963460211038,"final_val_f1":0.6192434937121428,"_runtime":419,"final_val_precision":0.7674843042779967}