{"final_val_precision":0.7735750261806214,"final_val_f1":0.6151177199504337,"final_test_accuracy":0.3303702638809022,"_wandb":{"runtime":326},"final_val_recall":0.5105399134427093,"final_val_accuracy":0.7401410901692012,"final_test_f1":0.380704585827772,"final_test_recall":0.9432406712662189,"final_test_precision":0.23847894283889953,"_runtime":326}