{"final_val_accuracy":0.7296597237095738,"final_test_recall":0.8388082645535567,"final_test_f1":0.4667045956427498,"final_test_accuracy":0.5816970560986519,"_wandb":{"runtime":247},"final_test_precision":0.3232899611537153,"_runtime":247,"final_val_recall":0.5327880991953134,"final_val_f1":0.6158542964477626,"final_val_precision":0.7296060933838111}