,precision,recall,f1-score,support
NoGesture,1.0,0.4625,0.6324786324786325,320.0
Gesture,0.9812962157459765,1.0,0.9905598243688255,9024.0
accuracy,0.9815924657534246,0.9815924657534246,0.9815924657534246,0.9815924657534246
macro avg,0.9906481078729883,0.73125,0.8115192284237289,9344.0
weighted avg,0.9819367563026211,0.9815924657534246,0.978296769852038,9344.0
