,precision,recall,f1-score,support
NoGesture,0.8886438809261301,0.4269067796610169,0.5767441860465117,1888.0
Gesture,0.667383953273901,0.9555457746478874,0.7858823529411765,2272.0
accuracy,0.715625,0.715625,0.715625,0.715625
macro avg,0.7780139171000156,0.6912262771544522,0.6813132694938441,4160.0
weighted avg,0.7678019204391435,0.715625,0.6909658002735979,4160.0
