{"precision":0.6134501449640741,"f1_score":0.7167157584683358,"_timestamp":1.7615340799875898e+09,"_runtime":1098,"recall":0.8617850185939437,"confusion_matrix":{"path":"media/images/confusion_matrix_1_a165f5f91445ae80df2b.png","format":"png","width":1500,"height":1200,"_type":"image-file","sha256":"a165f5f91445ae80df2bc86e5f8a97a2f7eb25e69d378689aa206b7fa85a2e78","size":99349},"_wandb":{"runtime":1098},"_step":1,"accuracy":0.7217158564814815}