{"_runtime":1712,"final_val_accuracy":0.7400273077746841,"final_test_f1":0.4180987626336045,"_wandb":{"runtime":1712},"final_val_precision":0.7679317676385053,"final_test_recall":0.9704490968651063,"final_test_accuracy":0.41055184173535236,"final_test_precision":0.26644583542168343,"final_val_recall":0.5170893054024256,"final_val_f1":0.6180276925497601}