{"final_test_precision":0.2774189004399994,"final_test_f1":0.42995325789101335,"final_val_accuracy":0.7417808952666524,"final_val_f1":0.6088887086636524,"final_val_precision":0.792939561164946,"_wandb":{"runtime":803},"final_val_recall":0.4941828893021113,"_runtime":803,"final_test_recall":0.9550994637922515,"final_test_accuracy":0.4473625886524823}