{"final_test_precision":0.2417461781109941,"_wandb":{"runtime":450},"final_val_precision":0.7538694920476902,"final_test_f1":0.3864877442948529,"final_val_f1":0.6178247440703977,"_runtime":450,"final_val_accuracy":0.7366406082672949,"final_test_recall":0.9631700309280237,"final_val_recall":0.5233754052230578,"final_test_accuracy":0.33274331512363425}