{"f1_score":0.648561172247396,"accuracy":0.5679976851851852,"_step":1,"_timestamp":1.761556671082475e+09,"precision":0.4856777719019919,"confusion_matrix":{"width":1500,"height":1200,"_type":"image-file","sha256":"8d26ada746722b829c14b57129e565850ba3e5f4494fbdcdbe7cecd0f0b24024","size":88433,"path":"media/images/confusion_matrix_1_8d26ada746722b829c14.png","format":"png"},"_wandb":{"runtime":1456},"_runtime":1456,"recall":0.9758278732070126}