{"final_val_accuracy":0.6746626686656672,"final_val_precision":0.5925818779785922,"final_val_recall":0.6404416725633135,"final_test_accuracy":0.44894295891636316,"final_val_f1":0.6155829365895323,"final_test_f1":0.4342372297638034,"_wandb":{"runtime":2141},"_runtime":2141,"final_test_recall":0.9691406035539777,"final_test_precision":0.2798036076591428}