{"final_test_f1":0.40091746233990844,"final_val_recall":0.51042472313186,"final_test_recall":0.9184662262320883,"final_val_precision":0.7670128585558853,"final_val_accuracy":0.7378118976226172,"final_val_f1":0.6129494412552243,"_wandb":{"runtime":1659},"final_test_accuracy":0.40104066832790236,"_runtime":1659,"final_test_precision":0.2564243069872242}