{"final_val_recall":0.505191791867564,"final_test_accuracy":0.5227301769854962,"final_test_recall":0.9035832586058599,"final_val_f1":0.6109939099629821,"final_test_precision":0.30175954333769295,"final_val_accuracy":0.7383540372670807,"final_val_precision":0.7728520001006973,"final_test_f1":0.4524270955031727,"_wandb":{"runtime":262},"_runtime":262}