{"final_val_precision":0.8379236354016637,"final_test_recall":0.8730807239719635,"final_test_f1":0.4569385064991817,"final_test_precision":0.30944547233847963,"final_test_accuracy":0.5471565315315315,"_wandb":{"runtime":146},"final_val_f1":0.601476949045258,"_runtime":146,"final_val_accuracy":0.7471621332191047,"final_val_recall":0.46910431305435335}