{"_step":1,"accuracy":0.6475694444444444,"_runtime":1182,"f1_score":0.3406414941128705,"confusion_matrix":{"size":93773,"path":"media/images/confusion_matrix_1_c285a5cb6abcc2df5379.png","format":"png","width":1500,"height":1200,"_type":"image-file","sha256":"c285a5cb6abcc2df5379aafcba6aef6c03ab028273988d107eeb74110765117e"},"_wandb":{"runtime":1182},"_timestamp":1.761530763644184e+09,"precision":0.7224454649827784,"recall":0.22286169647600496}